,English Name,Form English
0,ERASTAPEX 20 GM 30 TAB,strip
1,HERO BABY MILK 1,box
2,OTRIVIN CHILDERN  DROPS,box
3,CIPRA PRO 10 MG 20 TAB,strip
4,CLINDAM 300MG 16 CAP,strip
88,LASIX20 AMP  BOX 3 AMP,box
101,SPASMOFREE AMP BOX 3 AMP,box
132,abimol tablets  500 mg 20 tab,box
135,atacand 4 mg  14 tab one strip,box
137,andovimpamide20 tab 2 strip,strip
140,acyclovir 800 tab  35 tab 7 strip,strip
143,aricept 5 mg  tab 2 strip,box
145,aricept 10 mg 14 tab 2 strip,strip
148,amaryl 4 mg tab 3 strip,box
152,amaryl 3 mg   3 strip,box
154,amaryl 2 mg 3 strip,strip
157,alkapress 5 mg  tab 2 strip,box
160,adancor 10 mg3 strip,box
163,aldomet  tab 3 strip,strip
167,averozolid  600 mg tab 10 tablets,box
169,arcoxia 90 mg 2 strip 14 tab,strip
171,atorstat 80 mg 1 strip 10 tab,box
174,aspirin protect 100 mg 20 tab 2 strip,box
176,aspocid  infant 30 tab  5 strip,box
179,ator 10 mg 7 tab,box
181,ator 20 mg 10 tab,box
183,ator 40 mg 10 tab,box
185,augmentin 1 gm 2strip 14 tab,box
187,augmentin 625 mg 1 strip 10 tablets,box
189,Alphintern 3 strips 30 tablets,strip
192,ambezim - g 3 strips 10 tablets,box
194,antodine 20 mg 3 strips 30 tablets,box
197,antodin 40 mg 3 strips 30 tablets,strip
201,aspocid 75 mg 2 strips 20 tablets,box
204,asmakast 5 mg  3 strips 30 tab,box
207,Bi-alcofan  150 mg  3 strips  30 tab,box
210,Brufen 400mg  3 strips 30 tab,box
212,BRUFEN 200mg 3strips 30 tab,strip
215,BRUFEN 600mg 3 strips 30 tab,box
219,BLOKATENS  5 mg/160  2 strips 28 tab,strip
221,BLOKATENS 10 mg/ 160 2 strips 28 tab,strip
224,BONE CARE 1mg 3 strips 30 tab,box
228,BONE CARE 0.5mg 3 strips 30 tab,box
231,BETASERC 8 mg 4strips 100 tab,box
233,BRAVAMAX 1 strips 10 tab,strip
235,BREXIN 1 strips 10 tab,strip
237,BETACOR 80 mg 3 strips 30 tab,strip
240,BAMBEDIL 3 strips 30 tap,box
244,concor cor 2.5 mg 3 strips 30 tab,strip
246,concor 5 mg 3 strips 30 tab,strip
249,concor 5 plus 3 strips 30 tab,strip
253,concor 10 mg 3 strip 30 tab,box
256,concor 10 plus 3 strips 30 tab,strip
258,CYSTONE 60tab,box
261,CORDARONE 200 mg  3 strips 30 tab,strip
263,CARVID 25mg 2 strips 20 tab,strip
266,CARVID 6.25 mg 2 strips 20 tab,box
269,CAPOTEN  50mg 1 strip 10 tab,strip
271,CAPOTEN  25 mg 2 strips 20 tab,strip
274,CIPRALEX 10 mg 2 strips 28 tab,box
277,CARDURA 1mg 3 strips 21 tab,strip
281,CO-TAREG 160/12.5 mg 2 strips 14 tab,box
284,CO- TAREG 320/25 2 strips 14 tab,box
286,CO- DIOVAN160/25 3 strips 15 tab,strip
289,CO-TAREG80/12.5 mg  2 strips 14 tab,box
292,CONA-ADIONE 10 mg 30 tab,box
294,COVERSYL 10 mg 30 tab,box
297,COVERSYL 5mg 30 tab,box
298,COVERSYL plus  10 mg 30 tab,box
300,CERVITAM  2 strips 20 tab,box
303,CELEBREX 200 mg  3 strips 15 tab,strip
307,CLARITINE 10 mg 2 strips  20 tab,box
309,CONVENTIN 400 mg 3 strips 30 tab,box
312,CONVENTIN 100 mg 3 strips 30 tab,box
315,CONGINTOL 2 mg 2 strips 20 tab,box
318,CIPROFLOXACIN 750 mg 1 strip 10 tab,box
321,CIPROFLOXACIN  500 mg 1 strip 10 tab,box
322,CORTILON  0.1 mg 2 strips 20 tab,box
325,curam 1g 3 strip 12 tab,box
328,CALDIN C 3 strips 30 tab,box
331,COMTREX 2 strips 20 tab,strip
334,CONGESTAl 2 strips 20tab,strip
337,C-RETARD 500 mg 1 strips 10 tab,box
339,CRESTOR20 mg 4 strips 28 tap,box
342,CRESTOR 20 mg 2 strips 14 tab,box
346,CURAM 1 mg 3 strips 12 tab,box
348,CALCIMATE 500 mg 2 strips 12 tab,box
352,CAL-MAG 3 strips 30 tab,strip
354,CARNIVITA FORTE  3 strips 30 tab,strip
357,CARNITOL 3 strips 30 tab,box
360,CALCIUM D3F 3 strips 30 tab,box
363,calcimax 600 3 strip 30 tab,box
366,CALCIMAX PLUS 3 strips 30 tab,strip
369,CATAFLAM 50 mg 2 strips 20 tab,box
372,CATAFLAM 25 mg 2 strips 20 tab,strip
375,CONTROLOC 40 mg 1 strips 14 tab,box
377,COLOVERIN D 3 strips 30 tab,box
380,COLOVERIN A 3 strips 30 tab,box
384,COLOVERIN 135 mg 3 strips 30 tab,box
386,COLONA  3 strips 30 tab,strip
389,COBAL  F 3 strips 30 tab,strip
392,CAPOZIDE 50/25 mg 3 strips 30 tab,box
396,CORASORE drops,strip
398,COLCHICINE  500 micro 10 strips 100 tab,box
401,CIDOCETINE 250mg  2 strips 12 tab,box
404,DIFLUCAN 150 mg 1 strips  1 tab,strip
405,DIFLUCAN 50 mg 1 strip 7 tab,strip
408,DELTAVIT B12 1 box 30 tab,box
410,DEMAFIGHT 5 mg 3 stips 30 tab,box
412,DIAVANCE 5 3 strips 30 tab,box
415,DANTRELAX25 mg 3 strips 30 tab,strip
418,DISPERCAM 20mg 1 strip 10 tab,box
420,DIGEST EZE 2 strips 20 tab,strip
423,DOROFEN 3 strips 30 tab,strip
427,DUSPATALIN RETARD 200mg 3 strip 30 tab,strip
430,DEPAKINE CHRONO 500mg 1 box 30 tab,box
431,DEPAKINE  200 MG  4 strips 40 tab,strip
434,DOGMATIL forte tab,strip
437,DOGMATIL FORT 200 mg 1 strip 10 tab,box
439,DIACEREIN 50 mg 3 strips 30 tab,box
443,DILATROL 25 mg 3 strips 30 tab,box
445,DICLAC 150 mg 1  strip 10 tab,box
448,DICLAC 75 MG  ID 2 strips 20 tab,box
451,DAFLON 500MG 2 strips 30 tab,box
454,DISFATYL 3 strips 30 tab,strip
456,DUPHASTON 10 mg 3 strips 60 tab,box
459,EREC 100mg 3 strip 12 tab,strip
462,EUCARBON 3 strip 30 tab,box
466,DIAMICRON 60 mg MR 3 strips 30tab,strip
468,DIAMICRON 30 mg MR 3 strips 30 tab,box
471,DINITRA 5mg 2 strips 30 tab,box
475,DINITRA 10mg 3 strips 60 tab,box
477,DIMRA 2 strips 20 tab,box
481,DALACIN C 300 mg 1 strip  10 tabe,box
482,DILATROL 6.25 mg 3 strips 30 tab,strip
485,ELIQUIS  5MG 2 STRIP 20 TAB,strip
488,ELIQUIS 2.5mg 2 strips 20 tab,strip
492,EPILAT RETARD 20 mg 2 strips 20 tab,strip
495,EXAMIDE 20 mg 2 strips 20 tab,box
497,EXAMIDE 10 MG 2 STRIPS 30 TAB,strip
500,EXAMIDE 5 mg 3 strips 30 tab,box
503,ERALONER 50 mg 2 strips 20 tab,box
507,EZAPRIL 10 mg 2 strip 20 tab,box
509,EZAPRIL 20 mg 2 strip 20 tab,box
512,EXFORGE HCT 10/160 /25 mg 2 strips 14 tab,strip
515,EXFORGE HCT 5/160/12.5 MG 2strips 14 tab,box
518,EFFOX 25 mg 3 strips 30 tab,strip
521,EFECTINIX 5 mg 2 strips 20 tab,strip
524,EXFORGE10/ 160mg 2 strips 14 tab,box
528,ERASTAPEX 20mg 2 strips 20 tab,box
530,forxiga10 mg 2 strips 28 tab,box
534,FEBURIC 120mg 1 strips 10 tab,box
536,FEROSE -F 3 strips 30 tab,strip
539,FARCOVITB12 3 strips 30 tab,strip
542,FLUMOX 500mg 2 strips 16 tab,strip
544,FLADAZOLE   500 mg 1 strip 4 tab,box
546,FLUXOPRIDE 5 mg 3 strips 30 tab,strip
550,FEBURIC 80 mg 3 strips 30tab,box
552,FLOTAC 75 mg 2 strip 20 tab,strip
556,FLAGYL 500 mg 2 strips 20 tab,strip
558,FOLICACID 500 mg 2 srips 20 tab,box
561,FERRODUONAL 3 strip 30 tab,box
564,FERROTRON 2 strip 20 tab,strip
567,GINKGO  BILOBA 3 strips 30 tab,box
570,GALVUS MET 50/1000 mg 3 strips 30 tab,box
573,GALVUS MET 50/850 mg 3 strips 30 tab,box
576,GASTROFAIT 1 mg 5 strips 20 tab,strip
579,GEO POTA-K SR 600 mg 3  strips 30 tab,box
582,GLUCOPHAGE 1000 mg 3 strips 30 tab,box
585,GLUCOPHAGE 500 mg 5 strips 50 tab,strip
589,GALVES 50 mg 2 strips 28 tab,box
591,GLIMET 3 strips 30 tab,strip
594,GLUCOVANCE 500/5 3 STRIP 30 TAB,box
597,GENURIN 3 STRIP 30 TAB,strip
600,GLIPTUS plus 50 MG  3 STRIP 30 TAB,box
603,GENUPHIL 5 STRIP 50 TAB,box
607,GANATON 50 MG 3 STRIP 30 TAB,strip
610,GASTROBIOTIC 550 MG 3 STRIP 30 TAB,box
612,GAST REG 100 3 STRIP 30 TABS,box
616,HOSTACORTIN 5mg 3 strips 30 tab,strip
618,GASTREG 200 MG 3 STRIP 30 TABS,box
622,HIBIOTIC 625 mg 2 strips 16 tab,box
624,GAROPRIDE TAB 3 STRIP 30 TABS,box
627,GASTROBIOTIC 200 MG 2 STRIP 20 TAB,box
630,ISOPTIN 80 mg 3 strips 30 tab,strip
634,INEGY 10/10 MG 2 STRIPS 14 TAB,strip
637,INDOCID 25 MG 3 STRIPS 30 TAB,strip
639,ISOPTIIN SR 240 MG 3 STRIPS 30 TAB,box
642,INDERAL 40 mg 5 strips 50 tqab,strip
646,INDERAL 10 mg 5 strips 50 tab,strip
648,JUSTECHOL 10 mg 2 strip 14 tab,box
651,POWER CAPS 2 strips 20 tab,strip
654,JUSTECHOL 20 MG 2 STRIP 14 TABS,strip
657,JANUVIA 100 MG 2 STRIP 28 TABS,strip
660,PROCORALAN 5 mg 4 strips 28 tab,box
663,JUSPRIN 3 STRIP 60  TABS,box
666,JANUMET 50/1000 MG 4 STRIP 56 TABS,box
669,PROCORALAN 7..5 mg 4 strips 28 tab,box
673,KLACID 500 MG 2 STRIP 14 TABS,box
675,PREDNISOLONE 5 mg 2 strips 20 tab,strip
678,KETOLAC10 MG 2 STRIP 20 TAB,box
682,marevan 1 MG 1 BOX 100 TAB,box
684,MAREVAN 3 mg 1 box 100 tab,box
686,MAREVAN 5 mg 1 box 100 tab,box
688,MARCAL 700 mg 3 strip 30 tab,box
691,MYOFEN 3 strip 30 tab,strip
693,MINIRIN MELT 60 mg 3 strip 30 tab,box
696,MOSAPRIDE 5 MG 3 STRIPS 30 TAB,box
699,LUSTRAL 50 MG 2 STRIP 20 TABS,strip
702,KETOFAN 50 MG 2 STRIP 20 CAP 0,box
705,MEPA- FURAN 100 mg 2 strip 20 tab,box
708,LIVER ALBUMIN PLUS 2 strip 20 tab,box
712,LIVERIN 2 strip 20 tab,strip
715,LUCIDDRIL 250 mg 2 strip 20 tab,box
717,LIPANTHYL 300 mg 3 strip 30tab,strip
720,MEMEXA 10 mg 1 str 10 tab,box
723,MILGA 3 strip 30 tab,box
725,MINALAX  1 strip 10 tab,strip
727,LOSEC 20 mg 1 box 7 tab,box
729,lasilactone 50/20 mg 3 strip 30 tab,box
733,LASILACTONE 100/20 mg 3 strip 30 tab,box
736,MINOPHYLINE S.R 1 box 30 tab,box
738,LANOXIN 0.25 mg 1 box 100 tab,box
739,LIBRAX 3 strip 30 tab,strip
743,LEGALON 140 mg 3 strip 30 tab,box
745,LIPANTHYL SUPRA 160 mg 3 strip 30 tab,box
748,LASIX 40 mg 2 strip 24 tab,strip
751,METHABIOGEN 8 mg 3 strip 30 tab,strip
754,MIDODRINE 205 mg 2 strip 20 tab,strip
757,MODURETIC 3STRIP 30 TABS,strip
760,MOTINORM 3 STRIP 30 TABS,box
763,MUCOSTA 2 STRIP 20 TABS,strip
766,MODAPEX 3 STRIP 30 TABS,strip
769,NITRODERM TTS 10  7 patsh,box
771,NITRODERM TTS 5 7 tab,box
774,NORVASC 10 mg 3 strip 15 tabs,strip
776,NORVASC 5 mg 3 strip 30 tab,strip
779,NEVILOB PLUS 2 strip 20 tab,strip
782,nevilob  5 mg 2 strip 14 tab,strip
785,NITRO MAK RETARD 5 mg 3 strip 30 tab,box
789,NITRO MAK RETARD 2.5 mg 6 strips 60 tab,strip
792,NIGHT CALM 1 mg 2 strip 20 tab,strip
795,NIGHT CALM 3 mg 2 strip 20 tab,strip
797,NATRILIX SR  1.5 mg 1 strips 30 tab,box
799,NATURAL COLON AID 3 strip 30 tab,strip
802,NEXIUM 20 mg 2 strip 14 tab,strip
805,NEXIUM 40 mg 2 strip 14 tab,strip
808,NEUROTON 3 strip 30 tab,box
811,NORGESIC 2 strip 20 tab,box
814,"ONE ,TWO,THREE 2 strip 20 tab",box
817,OPTAMINESS10 strip 100 tab,box
820,one alpha0.25 mg 3 strip 30 tab,strip
823,OMEZ 10 mg 2 strip 20 tab,box
826,OMEGA- 3 PLUS 3 STRIP 30 TAB,strip
829,PANADOL ADVANCE 500 mg 2 strip 24 tab,strip
832,PANADOL  EXTRA 500 mg 2 strip 24 tab,box
836,PARACETAMOL B.P2015 2 STRIP 20 TAB,box
839,PLAVIX 75mg 2 strip 28 tab,box
842,PERLOC 40 MG 1 BOX 7 TAB,box
843,PEPON PLUS 2 STRIP 20 TAP,strip
846,paroxetine 20 MG 3 STRIP 30TAB,strip
849,PSYCHODAL 4 MG 3 STRIP30 TAB,box
852,pradaxa 150 MG 3 STRIP 30 TAB,box
855,PHENYTIN 50 MG 1 BOX 50 TAB,box
858,PHENYTIN 100 MG 1 BOX 50 TAB,box
859,PRIMPERAN 10 MG 1 STRIP10 TAB,box
862,pantoloc 20 MG 2 STRIP 20 TAB,strip
864,PLETAAL 50 MG 2 STRIP 20 TAB,box
867,PLENDIL 2.5 MG 3 STRIP 30 TAB,box
871,PSYCHODAL 2 MG 3 STRIP 30 TAB,box
873,QUITAPEX 25 mg 3 strip 30 tab,strip
877,QUIBRON-T /SR 300 mg100 tab,box
878,PK-MERS 3 strip 30 tab,strip
881,RUTA C 60 mg 2 strip 20 tab,box
885,RAMIXOLE 0.25 mg 3 strip 30 tab,strip
887,RIVO 20 strip 200 tab,box
890,RENAGEL800 mg 1 box 180 tab,box
892,REPARIL 40 mg 4 strip 40 tab,box
895,ROWACHOL 3 strip 45 tab,box
898,ROWATINEX 3 strip 45 tab,box
901,BRUFEN 100 /5 MG  SYP,box
902,ALL-VENT 125ML SYR,box
903,ANTINAL SYR,box
907,SPECTONE 25 mg 2 strip 20 tab,box
911,SODIUM BICABONATE0.5 mg 1 box 20 tab,box
913,SOLUPRED 5 mg 3 strp 30 tab,box
915,SOLUPRED 20mg 2 strip 20 tab,strip
918,STUGERON 25 mg 3 strip 30 tab,box
922,SELOKENZOC 50 mg 2strip14 tab,strip
924,HIBIOITC N 600MG,box
925,MAXILASE 100ML,box
926,TUSSKAN 100ML SYR,box
927,ULTRASOLV 120ML SYR,box
928,OPLEX-N 125ML SYR,box
930,SOFENACIN 10 mg 2 strip 20 tab,strip
933,NEO-DIGESTIN 120ML SYR,box
934,NEO MINOPHYLLINE 120M LSYR,box
935,VENTOLIN 125ML SYR,box
936,POTASSIUM M. 120ML SYR,box
937,EPICOGEL 180ML SYR,box
938,PARAMOL 125MG SYR,box
939,SEDALAC LACTUIOSE 120ML SYR,box
940,SELGON 20 MG 2 STRI 20 TAB,box
943,SIRDALUD 2 mg 2 strip 20 tab,strip
947,SHATOO 1 strip 7 tab,box
949,STERONATE 2 strip 20 tab,box
952,SEROQUEL XR 50 mg 1 strip 10 tab,box
953,SEPTRIN D.S 1 strip 10 tab,strip
955,SPASMODIGESTIN 3 strip 30 tab,box
959,SPASMAG 2 strip 20 tab,strip
962,SEROQUEL 100 mg 3 strips 30 tab,strip
965,TARGO FOLOXIN 750 mg 2 strip 10 tab,box
967,TRIMED FLU 2 strip 20 tab,strip
971,TRENTAL 400SR 2 strip 20 tab,strip
973,TIRATAM 500 mg 2 strip 20 tab,box
976,TEGRETOL 200 mg 3 strip 30 tab,strip
979,TAMOXIFEN 10 mg 3 strip 30 tab,strip
982,SINEMET 25/250 mg  2 strip 20 tab,box
985,trivestal retard,box
988,TARIVIDE 200 mg 1 strip 10 tab,box
990,THIOTACID 600 mg 2 strip 20 tab,box
993,THIOTACID 300 mg 3 strip 30 tab,box
997,TEBONINA FORTE 40 MG 2 STRIP 20 TAB,box
999,THIOTACID COMPOUND 600 MG 2 STRIP 20 TAB,strip
1002,TAREG 160 MG 2 STRIP 14TAB,strip
1006,TAREG 80 MG 2 STRIP 14 TAB,box
1008,TAREG 40 MG 3 STRIP 15 TAB,strip
1011,TAVACIN 500 MG 1 STRIP 5 TAB,box
1013,TRITACE 1.25 mg 2 strip 14 tab,strip
1017,TRITACE COMP LS 2.5/12.5 mg 2 strip 14 tab,strip
1019,TRITACE 5 mg 2 strip 14 tab,strip
1022,TELFAST 180 mg 2 strip 20 tab,strip
1026,TELFAST 120 mg 2 strip 20 tab,strip
1028,URINEX 2 strip 24 tab,strip
1031,URSOFALK 250 mg 2 strip20 tab,box
1035,URIPAN 5 mg 3 strip 30 tab,box
1037,UVAMIN RETARD 2 strip 20 tab,strip
1041,VIAGRA 50 mg 1 strip 4 tab,box
1043,VASTAREL - MR  3 strip 30 tab,box
1046,VITAMAX  PLUS 2 strip 10 tab,strip
1048,VOLTAREN 50 mg  strip 20 tab,strip
1051,VASCULAR 2 strip 20 tab,strip
1054,VITAMIN E 1000 mg 2 strip 24 tab,box
1058,VENTOLIN 2 mg 2 strip 20 tab,box
1060,VISCERALGINE  50 mg 2 strip 20 tab,strip
1063,advomikacin  vial 500 mg,box
1064,clexane 20 mg,box
1066,clexane 40 mg,box
1069,clexane 60 mg,box
1070,clexane 80 mg,box
1072,cefazone 1 gm,box
1073,CEFTRIAXONE 1 GM VIAL,box
1074,CEFOTRIX 1 GM VIAL,box
1078,PLASTER 10cm,box
1079,eva cream 20 mg,box
1080,Dettol soap 85mg,box
1084,SIGNAL CAVITY 25 ML,box
1087,ORAL B  MAXI CLEAN 40 SOFT,box
1089,LUX SHOWER GEL 250 ML,box
1090,رباط ضغط 15سم,box
1092,حزام بطن,box
1093,شراب دوالي,box
1095,foradil inhalar 12 ةؤل,box
1096,miflonide inhalar 400 mcg,box
1097,FARCOLIN SOLUTION 20 ml,box
1098,SYMBICORT 320IU TURBUHALER,box
1099,SYMBICORT TURBUHALER 160,box
1101,COLO 1M,box
1109,VENTAL INHALER 0.1  mg,box
1112,VENTAL COMPOSITUM INHALER,box
1114,VENTOLIN EVOHALER  100 mig,box
1116,CLOSOL SPRAY,box
1118,GROWTH FORMULA  400GM,box
1127,ZOMEGIPRAL VIAL,box
1129,TYGACIL VIAL 50MG,box
1132,imipenemVIAL IV/IM 1X20 ML,box
1133,ENSURE,box
1134,ARM SLING size,box
1137,KNEE SUPPORT,box
1138,INDOMETACIN SUPP,box
1139,GLYCERIN 10 SUPP,box
1140,PECTOL LOZONGES,strip
1142,INDOCID 10 SUPP,strip
1144,PROFENID SUPP 100 MG1 STRIP,box
1147,DOLPHIN SUPP 25 MG 2 STRIP,strip
1149,DOLPHIN 12.5  SUPP 2 STRIP,box
1151,VOLTAREN 100 SUPP 2 STRIP,strip
1153,SELGON SUPP 1 STRIP,box
1156,PERFECT size,box
1157,PRISOLINE DROPS 15 ml,box
1158,TOBRADEX DROPS 5 ml,box
1159,TEARS NATURAL DROPS 15 ml,box
1160,otrivin adults drops 15 ml,box
1161,OTRIVIN children DROPS 15 ml,box
1162,MYDRIACYL DROPS 15 ml,box
1163,TOBRIN DROPS 5 ml,box
1164,REMOWAX DROPS 15 ml,box
1165,TEARS GUARD DROPS 15 ml,box
1166,VIDROP ORAL DROPS 15 ml,box
1167,solofresh eye drop 10 ml,box
1168,PICOLAX DROPS,box
1169,DEXATROL DROPS 5 ml,box
1170,ISOPTOFENICOL DROPS 15 ml,box
1174,PROXIMOL EFF 60 gm,box
1177,LEVOPHRINE AMP BOX 5 AMP,box
1178,LOHYDRAN EFF 10 pac,box
1181,Acetylcistiene EFF 200mg 10 sach,box
1182,LAFUREX AMP  BOX 3 AMP,box
1184,SILYMARIN plus effr  10SACHETS,box
1186,ZACAGLONE AMP BOX 3 AMP,box
1187,URIVIN 5 mg   10 SACH,box
1188,G.C.MOL EFF 6 sach,box
1189,VISCERA AMP BOX 3 AMP,box
1191,KELLAGON EFF 10 SACHETS,box
1192,FLIXONASE SPRAY 120 METERED,box
1193,BBC  SPRAY 25 ML,box
1194,LIGNOCAINE cream 20 ML,box
1196,ORNITATE AMP BOX 5 AMP,box
1197,BIVATRACIN SPRAY 150 ML,box
1198,HEALOSOL SPRAY 150 ML,box
1199,PHENYTIN AMP 250MG BOX10AMP,box
1201,HEXITOL MOUTHWASH 100 ml,box
1202,ENEMAX ENEMA  120ML,box
1203,VOLTAREN EMULGEL 50GM,box
1204,VOLTAREN EMULGEL 25GM,box
1205,zincoderm cream 50mg,box
1206,THROMBEX cream 40 g,box
1207,Thrombex 40g gel,box
1211,EPIGENT AMP 80MG BOX 3 AMP,box
1212,PENTABURN  OINT 15 gm,box
1214,ISOPTIN AMP BOX 5 AMP,box
1215,MEBO OINT 15 GM,box
1216,GRANITRYL 1 MG AMP BOX 6AMP,box
1219,GRANITRYL3 MG AMP BOX 6AMP,box
1221,SULFAX  puls GEL 60 GM,box
1222,panax  panthenol cream 50 mg,box
1223,SULFAX CREAM  60 GM,box
1224,REPARIL-GEL N 40 GM,box
1225,MUPIRAX 10 Gm OINT,box
1226,LUCIFORTE 500 MG BOX 2 AMP,box
1230,MYO FAST MASSAGE CREAM 50 GM,box
1231,MICONAZ ORAL GEL 20 mg,box
1232,MOOV CREAM  40 gm,box
1233,moon care creem60gm,box
1234,KENACOMB CREAM 15 gm,box
1235,HEMOCLAR CREAM 40 G,box
1236,"IRUXOL OINT 15 g,",box
1237,LAMIFEN CREAM 15 gm,box
1238,ULTRACAINE GEL 30 gm,box
1239,FUCIDIN CREAM 20gm,box
1240,FUCICORT CREAM20GM,box
1241,FUCIDIN OINT 20 gm,box
1242,ALLERGEX CREAM 20 gm,box
1243,ALPHA KADOL OINT 35 GM,box
1244,BETADINE OINT 60GM,box
1245,BETADINE OINT 20GM,box
1246,BETADERM oint,box
1247,ALGASON CREAM 40 GM,box
1248,FAKTU OINTMENT 30 GM,box
1249,GARAMYCIN CREAM 15 GM,box
1250,GARAMYCIN OINT,box
1251,ICHTYOL OINT,box
1252,EXTRAUMA CREAM 25 GM,box
1253,EXTRAUMA FORTE gel 25 gm,box
1254,ACYCLOVIR 5 % 10 GM  CREAM,box
1255,LASIX 500 MG 3 STRIP  30 TAB,strip
1258,SOLPADEIN  EFF 6 STRIP  24 TAB,box
1275,liometacen amp box 6 amp,box
1286,NEUROTON AMP BOX 6 AMP,box
1297,APIDRA SOLOSTAR,box
1298,KAPRON AMP BOX 6 AMP,box
1300,ARIXTRA 7.5 MG/0.6 ML 10 SYRINGES,box
1302,SOLUMEDROL VIAL 500 MG,box
1303,ARIXTRA 2.5 MG/0.5 ML 10 SYRINGES,box
1306,ATRACIUM 50 MG BOX 50 AMP,box
1308,CALHEPARINE 5000IU 3AMP,box
1309,METHYLPRIDNISOLONE 500MG,box
1312,METHYLPREDNISOLONE 1 GM VIAL BOX 10 VIAL,box
1313,CEREBROLYSIN  5ML  5 amp,box
1315,CEREBROLYSIN  1ML 10 AMP,box
1320,GAST-REG 50MG 3AMP,box
1321,EPIZOLONE DEPOT 40MG VIAL,box
1323,GLYCOPHOS STERILE CONCENTRATE 20 ML,box
1330,LANTUS SOLOSTAR pen,box
1332,ROGITAMINE 10MG 5AMP,box
1335,MIACALCIC 100IU 5 AMP,box
1337,NOVOMIX FLEXPEN 50/30,box
1339,NOVORAPID FLEXPEN 1 box 5 pen,box
1340,Primacor 10 mg  1 box 10 amp,box
1344,PROPOFOL 10 mg  1 box  AMP,box
1346,SACROFER 5 ML 1 box  5 AMP,box
1348,Sandostatin 0.1 mg  1 box 5 amp,box
1352,SUCCINYL- CHOLINE 100MG 1 box  5 AMP,box
1353,SYNTOCINON 5IU 5AMP,box
1356,SYNTOCINON 10IU 5AMP,box
1358,THROMBEXX 15 MG 3 AMP,box
1360,tritone 1 box 5amp,box
1362,vancomycin cream,box
1364,ADRENALINEMAX 1 mg box 10 AMP,box
1366,AVIL  2 ml   box  6 AMP,box
1369,ANTODINE 2ml box 3 amp,box
1370,ADOLOR 30MG box 3 AMP,box
1373,SPASMOFEN 2 ML BOX  3AMP,box
1377,BETOLVEX 1 MG BOX  2 AMP,box
1378,BUSCOPAN 1 ML BOX  6 AMP,box
1380,Power B Complex  6 amp,box
1384,CARDIO MEP  6 AMP,box
1385,CARDIXIN 500 ml /5 AMP,box
1387,Danasetron  8ml  5amp,box
1389,ALPHA CHYMOTRYPSIn   3AMP,box
1392,CEREBROCETAM   1MG 6 AMP,box
1394,CARNITOL 1000 mg  5 amp,box
1397,MOBITIL 15 ml 3 AMP,box
1399,Depovit B12 1000 mc / 5 amp,box
1402,Emerst 4/2 mg 5 amp,box
1403,FLEBOTON 3 ml  box  3 AMP,box
1405,Fortamind 500mg/4ml  box  5amp,box
1407,Acetylcistiene 600 box  10sachets,box
1408,ACICLOVIR MERCK 250 MG 5 VIAL,box
1410,ATACAND 8 MG 2 strip   14 TAB,strip
1413,ATACAND 16MG 2 strip  14TAB,strip
1416,ALKAPRESS 10 MG 3 strip  30 TAB,strip
1420,AIRONYL 2.5mg 2 sreip 20  TAB,box
1423,AMARYL 1 MG3 strip  30 TAB,box
1425,APROVEL 150 MG 1 strip 14 TAB,box
1427,ACYCLOVIR 400MG  7 strip  35TAB,box
1430,Altiazem 60mg  4 strip 40teb,box
1433,ARTHRO FAST 150 MG 2 strip 14 TAB,strip
1436,AMBROXOL 30 MG 2 strip  20 TAB,box
1440,Aerius 5 mg 2 strip 20 tab,strip
1442,ATOREZA 10MG/20MG 21 TAB,strip
1445,ANTINAL 2 STRIP 24 TAP,box
1448,ALLERBAN S.R  2 MG  2 STRIP 20 TAB,box
1451,brilique 90 MG  4 strip  56tab,strip
1455,BUSPAR 10 MG 2 STRIP  20  TAB,strip
1457,BRAN MEPACO -MEDI FOOD 6 STRIP 60 TAB,strip
1460,CONVENTIN 400 MG 3 STRIP   30 CAP,box
1464,CONVENTIN 100 MG 3 STRIP 30 CAP,strip
1466,CONVENTIN 300 MG 3 STRIP  30 CAP,box
1469,CLOPEX  75 mg 3 strip 30 TAB,strip
1472,CARDURA 4 MG 2 strip  14 TAB,strip
1475,CORASORE 2 strip 20 TAB,box
1479,CYCLO-PROGYNOVA   21 TAB,box
1481,CIDOPHAGE 850 mg 6 strip 60TAB,strip
1484,CLOZAPEX 25MG 5 strip 50 TAB,strip
1488,CLOZAPEX 100MG 5 strip 50 TAB,strip
1491,DEPRAM 20MG TAB,strip
1494,E-MOX 500MG 2 strip 12 CAP,box
1496,EUTHYROX 100Mg 5 strip 50  TAB,strip
1499,EUTHYROX 50MG  5 strip 50TAB,strip
1503,Efectinix 5 mg 2 strip 20 tab,box
1511,GLUCOPHAGE XR 1000 MG 3 strip 30 TAB,box
1514,HOSTACORTIN H 5 MG 3 strip 30 TAB,box
1518,HIBIOTIC 1000 MG 2 STRIP 16 TAB,strip
1521,HIBIOTIC 625 MG 2 strip  16 TAB,box
1526,IMODIUM 1 strip 6 tab,box
1528,ZYLORIC 300 MG 3 strip 30 TAB,strip
1531,ZYLORIC 100 MG 3 strip  30 TAB,box
1534,ZISROCIN 500 mg 1 strip 3  CAP,box
1537,ZYRTEC  10 mg 2 strip 20 TAB,box
1539,ZADITEN 1 mg 3 strip   30 TAB,box
1542,x-tension 300 mg   4 strip 28 tab,box
1546,XARELTO  15 MG3 strip  42 TAB,box
1548,ZESTRIL  5 MG  1 strip 10 TAB,box
1550,ZESTRIL 20MG 1 strip 10 TAB,strip
1552,ZESTRIL 10 MG 1 strip 10 TAB,box
1554,xanoxiban 10 mg 1 strip 10 tab,box
1556,VITAMIN E 400 MG 2 strip 24 CAP,strip
1559,VOLTAREN SR 100 MG 2 strip   20 TAB,box
1562,TAVANIC 500 MG 1strip 5 TAB,strip
1565,TORSAMOLEX 20 MG 2 strip 20 TAB,strip
1568,TAMSULIN 0.4 MG 2 STRIP 28  CAP,box
1570,SEROQUEL 25MG 1 STRIP  10 TAB,strip
1572,STIMULAN  400MG 3 STRIP 30 CAP,box
1575,SINGULAIR 10 MG 2 STRIP 14 TAB,strip
1579,SINGULAIR  5MG  2 STRIP 14 TAB paediatric,strip
1581,STREPTOQUIN  1 strip 10 TAB,strip
1584,SELENIUM ACE 3 strip  30 TAB,box
1586,Efectinix  5 mg 2 strip 20 tap,box
1590,QUICK SLIM 120 mg 3 strip  30 CAP,strip
1593,LIPANTHYL SUPRA 160 MG 3 strip  30 TAB,box
1602,LEXOTANIL 1.5 mg 3 strip 30  tab,box
1605,apetryl 2 mg30 tab 3 strips,strip
1608,calmepam 3 mg 30 tab 3 strips,strip
1612,lyrica 75 mg 20 cap 2 strips,strip
1615,lyricab 50 mg 20 tab 2 strips,box
1617,pethidin 50 mg 10 amp,box
1620,pethidin 100 mg 10 amp,box
1622,dormicum 5 mg 10 amp,box
1624,midathetic 5 mg 10 amp,box
1626,midathetic 15 mg 3 amp,box
1627,dormicum 15 mg 5 amp,box
1630,nalbuphine 20 mg 5 amp,box
1632,morphine 10 mg 6 amp,box
1633,hexagabalin 75 mg 30 tab 3 str,strip
1636,tramadol 50 mg 20 tab2 strips,box
1642,fentanyl 100 mcg 50 amp,box
1644,nebilet 5 mg 14 tap,strip
1648,maalox plus 200mg 40tap,strip
1650,ipratropium amp  box 10 amp,box
1652,pulmicort nebulising 20 amp,strip
1656,COMBIVENT VIALS 5 strip 20 vail,box
1658,DEXAMETHASONE 3AMP,box
1660,Dolphin 25 mg 1 strip  5 supp,box
1661,DOLPHIN 12.5  SUP 1  STRIP 5 pes,box
1662,BISADYL  ADULT SUPP 1 strip 5 pes,box
1667,FEROSAC AMP,box
1669,FEROGLOBIN  2 strip 30 CAP,box
1673,gastrotidine20mg3amp,box
1675,calcionate amp box 6 amp,box
1676,SANDOSTATIN LAR 30 MG,box
1678,HAEMOKION 10 MG 3 AMP,box
1679,HAEMOSTOP  250 mg 3  AMP,box
1682,HEPARIN  3AMP,box
1684,Hydrocortisone box   50amp,box
1691,kemiphedrin 1 box 10 amp,box
1696,pyramide 1 box 50 amp,box
1700,THIOPENTAL 0.5GM VIAL,box
1702,MINOPHYLLINE AMP BOX 5 AMP,box
1706,VOLTAREN  6 AMP,box
1710,meronam 1 gm,box
1713,OTRIVIN SPRAY,box
1716,PRIMPERAN AMP,box
1719,TAVACIN 750 MG1strip  5 TAB,box
1723,Atrabesylate 50 1 box 5  amp,box
1725,calcimax plus 30 tab 3 strip,box
1728,GARAMYCIN 80MG 3 AMP,box
1732,Meloxicam 3 amp,box
1733,PIRAFENE 6 AMP,box
1736,CALCIUM CHLORID  Eeboco,box
1738,PLETAAL 100 MG TAB,strip
1744,methergin amp200mcg/1ml,box
1747,mepacure cap 3 strip,strip
1750,urosolvin eff granules,box
1753,ANDOVIMPAMIDE 100 MG 20 TAB,box
1756,Stripsils tab 24 tab,strip
1761,اندوريفابان 10مجم 20قرص,strip
1764,نيورازين 100-20 قرص,box
1767,vaxato 10 mg  tab,box
1770,entresto 50 mg,box
1773,apetryl 0.5 mg box 50 tab,box
1777,pregaba 50 mg 30 cap,strip
1779,tamundin 100 mg 10 tab,box
1781,NYSTATIN DROPS,box
1782,PLENDIL 5 MG 3 strip 30 TAB,box
1786,LEVCET 5MG 2 STRIP  20 TAB,box
1788,UNICTAM  2 STRIP 12 TAP,box
1791,DELAREX 5MG 20TAB,strip
1794,EZOGAST 20 MG 14  CAP,strip
1798,APROVAL   300mg 14 TAB,box
1800,فلوموسيل 600مجم 10قرص,box
1801,kepilepsy 500 mg 5amp,box
1803,NASONEX SPRAY,box
1804,PHYSIOMER NORMAL SPRAY 135 ML,box
1805,PHYSIOMER STRONG SPRAY  210ml,box
1806,seebri breezhaler 50MCG 30 tab,box
1810,ACICLOVIR  500  mg 5 vil,box
1811,FUSIDERM CREAM,box
1813,PANTHENOL CREAM 50GM,box
1814,MIXDERM CREAM,box
1815,ORACURE GEL 30GM,box
1816,TOBRADEX OINT,box
1817,silvirburn 30  gm,box
1818,TOBREX DROPS,box
1819,SPIRIVA 30 CAP,box
1820,SERETIDE DISKUS 500,box
1821,SERETIDE DISKUS 250,box
1822,NEUPOGEN 30 MCG VIAL,box
1823,IOPROST 3 ml  DROPS,box
1824,VAXIGRIP box 1 vil,box
1826,wipes smal ,box
1827,andorivaban 10 mg 2 strip 20 tab,box
1830,ATENO 100 MG 2 strip  20 TAB,box
1834,EPIGENT 80MG AMP,box
1836,praxilan 200 3 strip 30 tab,box
1838,فيرسيرك 16 مجم 3 شريط,box
1841,betaserc 16 mg box 3 strip 60 tab ,strip
1844,catafast sachets,box
1848,tecafidera240 mg tab,box
1850,ciprodiazole tab 2 strip,strip
1853,MULTI RELAX 5MG TAB,strip
1856,pregaba 50 mg 3 strip,strip
1859,URSO PLUS  20  CAP,box
1862,glucovance 1000 mg /5 mg 2 strip  30tab,strip
1865,calmepam 1.5 mg 3 strip,box
1868,calmepam 3 mg  20 tab,strip
1871,excedrin20 tap,strip
1874,fawar fruits,box
1876,maalox plus sachets,box
1879,neurimax 30 cap 3 strip ,box
1881,sirdalud 4 mg  20 tab,box
1885,GALVUS MET 50/500 BOX 3  STRIP,box
1887,CH ALPHA EFF,box
1888,CEVAMOL EFF,box
1890,CYMPATEX20 MG  BOX 3 STRIP,box
1892,CYMPATEX 30 MG BOX 3 STRIP[,strip
1895,NEURONTIN 300 MG BOX 20 TAB 2 STRIP,strip
1899,OMEZ 20 MG14 CAP,strip
1901,linezox 600 mg 14tap,box
1905,LYRICA 150 MG 20 CAP,strip
1907,MOTILIUM 10 mg 40 TAB,strip
1910,NEUROVIT 30 TAB,strip
1914,NEUROVIT TAB,strip
1916,MAGNESIUM PLUS 30 TAB,box
1919,NEURAZINE 100 MG TAB,strip
1923,VITACID C EFF 12 TAB,box
1924,K 1 APEX 30 TAB,strip
1928,LACTEOL FORTE 12 CAP,box
1931,HALOPERIDOL 5 AMP 5 MG,box
1933,HI POTENCY FORMULA 30 CAP,strip
1936,NEXIMASH 40 MG 7 TAB,box
1941,amadol 100 amp box 3 amp,box
1943,tramundin 100 mg tab 10 tab,box
1945,tramundin 200 mg 10 tab,box
1946,digestin tab 20 2 strip,strip
1949,morphin20 mg 6 amp,box
1952,ezapril co 20/12.5 20 tab,box
1954,co approval 300/25 mgone strip 14 tab,box
1956,verserc 16 mg  3 strip  30 tab,strip
1960,vibramycin 100 nmg 2 strip,strip
1962,xithrone 500 mg 3 tab ,box
1963,hydroxy chloroquene,strip
1970,Dicynone 500 mg 2 strips 14 tab,box
1973,stringazole 40 mg 21 tap,box
1975,betmiga,strip
1978,ventolin evohaler,box
1980,nexium 40 mg 28 tap,strip
1983,mobitil 15 mg 10 tap,box
1984,anexate fumazenil box 5amp,box
1988,Flumazenil 5 amp,box
1989, erastapex trio 40/10/25 mg,strip
1992,phenadone syrup,box
1995,eltroxin tab100 mg  box 100 tab,box
1998,cialis 20mg tap,box
1999,calio plus 20tap,box
2005,nexium tab 4 strip 28 tab,strip
2009,levitra tab 4 tabs one strip,box
2010,betmiga 50 mg,strip
2013,cal-preg 30tab,strip
2019,enbrel 50 mg 4 syring,box
2021,vitamin D3 250 mcg,box
2022,larypro 20 mg 20 tab,strip
2026,nexium 20 mg 28 tab,strip
2029,kerovit 15 cap,strip
2033,carbamide cream 30 gm,box
2035,tiratam xr 500 mg 20 tab,box
2037,redoxon 15 eff,box
2039,brain-ox 20cap,box
2042,bosentas 125 mg,strip
2045,Ramixole 1 mg 3 strips,box
2048,Achtenon 2 mg 2 strips,box
2051,Arthfree 20 mg 3 strips,box
2053,200 TASIGNA,box
2055,flector 50 mg 30cap,box
2059,TAREG 160 MG 4 STRIP 28TAB,strip
2064,deltarhino nasal drop,box
2065,JANUMET 50/500 MG 4 STRIP 56 TABS,strip
2069,arimidex 1 mg 28 tap,box
2072,DOLIPRANE 1000 MG 15 tab,box
2076,omez 40 mg  box 1 strip 10 tab ,box
2077,MEMEXA 10 mg 2 str 20 tab,box
2080,listerine 250 ml,box
2081,micardis plus 80/25 mg 28 tap,box
2082,monomack 20 mg box 2strip ,strip
2086,tamsulin plus box 20 strip 20 tab,box
2088,MULTI RELAX 10 MG 20 TAB,box
2091,tebofortin 80 mg 30 cap,strip
2095,naphcon A EYE DROP,box
2099,one alpha .5 mg 30 cap,box
2102,Pentasa 500 mg 10 strips 100 tab,box
2105,Ateno 50 mg 2 strips 20 tab,box
2108,Anticox 2 15mg 2 strips 20 tab,strip
2113,Neurorubine 6 amp,box
2117,code 2,strip
2120,mictonorm x l 30 mg 28 tap,box
2126,Gardovas 5 mg 10 tabs,box
2128,pantoloc 20 mg 14 tab,strip
2131,cotareg 160/12.5 box 4 strip 28 tab,box
2134,KAPRON  20 TAB,strip
2137,ADOL  500LMG 24 TAB,strip
2141,diusex 40 mg box 100 amp,box
2143,Utoral 250 mg/5ml amps,box
2146,swabivent2.5 ml 20 amp,box
2148,feldine amp box 6 amp,box
2152,Suprax 400 mg 5 capsules,box
2155,immulant plus 20 cap,box
2157,Meloxicam15 mg supp 5,box
2159,FOLICACID 5 mg 3srips30 tab,strip
2162,immulant 20  cap,box
2166,renostrite,box
2167,eslizepine 800mg 20tab,strip
2168, Anticox 2 15mg 6 amp,box
2170,colospasmin forte 20 tap,box
2173,cymbalta 30 mg 3 strips,strip
2176,cerebromap 200 mg 3 strips,box
2179,novex panthenol cream 30 g,box
2184,FUCICORT CREAM 30 G,box
2185,ferrotron 30 cap,box
2189,COVERSYL  plus10 mg15 tab,box
2190,antopral 40 mg 14 tap,box
2193,zocor 40mg 14 tap,strip
2196,zolidocyrl 200 mg 6 tap,box
2199,monomack 40 mg box 2strip,strip
2202,haemojet   6 amp,box
2206,Face Mask,box
2209,eltroxin 50 mg box 100 tab,box
2212,G.T.N Ointment,box
2213,eva cram ,box
2215,flopadex 8 mg 30 cap,strip
2220,EUTHYROX 100Mg 4 strip100 TAB,box
2222,EUTHYROX 50MG 4 strip100TAB,strip
2229,ch-alfa plus 10 sach,box
2232,pentasa 500 mg 100 tab,box
2236,ATOZET 10 MG /40 MG 30 TAB,box
2237,AERIUS * 5 MG 20 TAB,box
2241,NOVO MAX 30/ 100,box
2242,one alpha1 mg 30 cap,box
2245,panadol sinus,box
2246, dermofix powder,box
2247,utoral 500mg,box
2248,vitamin D3 5000,box
2249,methotrexate 50 mg 10 vial,box
2251,enbrel 50 mg 2 pen,box
2254,sunny carnitine 200 mg 5 amp,box
2255,Resinocaten 454 gm powder,box
2256,code 3,box
2257,ZITHROMAX 250 MG 6 CAP,box
2258,Solvazinc 3 strip 30 tab,box
2263,arcalion fort 400mg 2 strips,box
2266,pravotin 14 sachets,box
2267,octatron 20 cap,box
2270,zinctron 30 cap,strip
2274,xarelto 10 mg 10 tap,box
2277,NANAZOXID 500 MG18 TAP,box
2280,PREDNISOLONE 20 MG 20 TAP,strip
2283,cetal sinus 500 mg 20 tab,strip
2285,zolam 0.5  tab,box
2287,apetryl 0.5 mg ,box
2290,ossofortin 5000 units tab  30 tab 3 strip,strip
2293,xarelto 20 mg 2 strip 28 tab,strip
2295,zithrokan 500 mg 3 tab,box
2296,IROFOL 30 CAP,strip
2303,signal 50 ml,box
2304,neozolid 600 mg 3 tab,box
2305,ASMAKAST 10 MG  20 TAB,strip
2309,octozinc 20 cap,strip
2313,DELZOSIN 600 MG 3 TAB,box
2314,ennervita 14 cap,strip
2318,unizithrin 500 mg 3 tab,box
2320,mono mak depot 100 mg,box
2322, orly capsule 2 strip,strip
2323,lacteol fort  6sachets,box
2324,HOMO 10 MG*10SACHETS,box
2325,UTOZINC  30 CAP,strip
2328,zithromax syrup 900,box
2330,cortiplex-B6 pediatric 3 amp,box
2331,vit c extra 2000 mg 60 cap,box
2332,dulefer 14 sachets,box
2334,paramol 500 mgt 20 tab,box
2336,IMMUGUARD  7 SACHETS,box
2337,IMMUGUARD14 SACHETS  1,box
2338,rivarospire 10 mg  20 tap,box
2341,infectomycin 500 mg 6 tab,box
2342,رامى زيثرو 500 مجم 3 قرص,box
2344,B COM 2 ml   6  AMP,box
2345,pravotin 30 saechets,box
2346,emla cream 5 mg,box
2348,milga 40 tab,box
2354,VITA STRESS 20 TAB,box
2355,DAVALINDI 10 MG 100 TAP,box
2362,Silymarin plus caps 2 strips 20 caps,strip
2365,azithromin 250 mg 6 cap,box
2368,voltaren 3 amp,box
2370,exforge 5 mg/ 160/ 14 tab ,box
2373,GYNOCEPT 21 TAP,box
2374, iverzine 6 mg 8 tabs,box
2376,actos 15mg,box
2378,selona vitamin c 100 mg,box
2381,atrovent 250 mg,box
2382,atrovent 500 mg,box
2385,tritone 200 mg 30 tab,strip
2387,Erastapex Co 20/5 mg 30 tab,strip
2391,evastine 10 mg 20 tab,box
2393,cipram 20 mg 28 tab,box
2396,vitacid c 500 mg 12 sachets,box
2397,oseltamivir 75 mg 10 cap,box
2400,ornitate 3/5 mg 10 sachets,box
2402,lola west 6sachets,box
2404,cevitil 1 mg 12 tab ,box
2406,dexamethasone 5 amp,box
2409,irinotecan 100 mg vial,box
2412,CONTROLOC 20 mg 14 tab,box
2426,LOOP,box
2429,nizoral,box
2430,lucidril 5oo tab,strip
2432,etaphylline 500 mg 6 amp,box
2436,perderm,box
2437,diacalderm,box
2438,elidel,box
2439,tarolimus,box
2440,flopadex 4 mg ,strip
2442,prostacure cap ,box
2444,gaviscon advance,box
2447,royal jelly,box
2448,scaro plus cream,box
2449,شراب دوالي فوق الركبه مضاد للتجلط,box
2450,livabion,box
2452,Addamel n,box
2453,soluvit N POWDER,box
2457,osteocare box 30 cap 2 strip,box
2459,vaxato 20 mg 30 tap,box
2462,vaxato 15 mg 30 tap,strip
2465,doxium 500 mg 30tab,box
2467,cosopt 0.5 eye drops,box
2468,paracetamol 500 mg 20 tab elarab,box
2471,xalatan 0.005 eye drop,box
2472,mestinone 60 mg 20 tab,box
2474,physiomer hypertonic 135 ml,box
2475,alfacef 500 mg vial,box
2476,entresto 50,strip
2486,Nutrient Agar,box
2496,Blood Media,box
2497,Gram Stain,box
2499,CAZ,box
2500,E,box
2502,CN,box
2504,LEV,box
2506,TGC,box
2510,Mac Conkey Agar,box
2511,carbimazole tablets,strip
2514,lasix 500 mg tab box 2 strip,strip
2516,physiomer child,box
2517,co-tareg 12.5/80 -14 tab,strip
2520,EFEXOR *XR 75 mg 14 tab,box
2522,gaptin 300 mg box 3 str,strip
2524,tiratam 100 mg/ml solution,box
2526,baclofen 25 mg 20 tab,strip
2528,cymbatex,box
2532,erastapex trio 20/5/12.5,strip
2535,Proximol tabs 2 strips 40 tabs,strip
2537,سيتروسيد ماغنسيوم بلس,box
2539,bepra 20 mg 14 tab,strip
2543,octovent-cr4-20-tab,strip
2545,nimotop 30 mg 3 strip,box
2549,quinabiotic 320 vtab,box
2550,sinlerg 20 tab,strip
2552,heparin  box 100 amp,box
2554,rytmonorm 150 mg ,box
2557,calcionate 6 amp,box
2558,baby calm,box
2559,helicure 14 tab ,box
2562, Nyrin 50 mg 5 ml  amp,box
2569,LDH spectrum,box
2573,daktarin gel oral 40 g,box
2575,Z.Neelsen,box
2576,Combi 10,box
2580,atorstat  40mg   14tab,box
2583,epicotil 20 mg vial,box
2585,(micor (PRIMACOR,box
2587,divido 75 mg 30 cap,strip
2590,magnisol 6 amp,box
2593,quadriderm cream,box
2595,apple lite 30 tap,strip
2598,lustral 50 mg 10 tap,box
2599,insulin 4 ml egypt r,box
2600,zinc olive cream,box
2601,Zovirax 500 mg vial,box
2605,tramundin 150 tab 10 tab,box
2607,durogesic50 patch,box
2608,etopul 100mg ampoul,box
2612,dramenex 50 mg 20 tap,strip
2614,SULFAX puls GEL 120GM,box
2616,Macrofuran capsules 50 mg,strip
2618,ondalenz 8 mg 5 oral,box
2620,vitamount lady 15tab,box
2621,care dipine tab 2 strip,box
2624,singulair 4 mg sachets,box
2626,primrose puls 30cap,strip
2629,MEBO OINT 30GM,box
2631,noracin 400 mg 10 tap,box
2633,vitro  heal  cream,box
2634,kellagon 20 cap,strip
2637,my fast 100 mg cream,box
2639,methylprednisolone 500 mg box 10 vials ,box
2641,norepinephrine 4 ml 50,box
2645,Stripsils box 8 pic,box
2648,كروميترون 30 كبسوله,box
2651,mavilor 5mg,strip
2654,Exelon 3 mg 28 tab,box
2657,always 14 pads value pack,box
2659,calcidol tab box 30 tab,box
2660,cartino sacchets,box
2661,EMEND 125 MG ,box
2662,hyfresh,box
2665,sunnydarone 5 amp,box
2667,xarelto 15mg 42tab,box
2671,methycobal inj 500mg,box
2672,melatonin,box
2673,SOFENACIN 5mg 3strip 30tab,box
2676,bosentadin 125 mg box 1 strip 10 tab,box
2679,cardura  1 mg 3 strip,box
2695,Fast Stain,box
2697,Slides,box
2698,butacid 10 mg 20 tap,box
2702,cellcept 500 mg 50 tab ,strip
2704,bional 30 tab,strip
2706,ALGESAL CREAM,box
2708,feldene 20 mg 3 amp,box
2709,narcane amp,box
2711,novonorm 1 mg 2 strip 30 tab ,strip
2716, eva cream 170 gm large,box
2718,oxitropil 1200 mg,box
2720,coversyl plus 5mg /1.25,box
2723,Uric Acid S.P,box
2724,BIL D,box
2725,CREAT D,box
2726,ALB D,box
2727,CK S.P,box
2728,UREA Biomed,box
2729,FOB Right Sign,box
2730,H. Pylori Ab Right Sign,box
2732,H. Pylori Ag Right Sign,box
2734,ESR Pipette,box
2736,Covid 19,box
2739,cozaar 50 mg 2 str 14 tab,strip
2742,Tuberculin,box
2745,Cover,box
2747,Leishman Stain,box
2748,abimol 300 mg 5 supp,box
2749,texacort20 mg cream,box
2751,viotic,box
2752,zinc origin syrup,box
2753,zisrocin suspenion 30 ml,box
2754,Prograf 1 mg 100 cap,box
2757,Myfortic 360 mg 120 tab,strip
2759,Toujeo insulin pen 300 iu/ml,box
2761,vitamin c tab 1000 mg ,box
2762,centrum silver 100 tab,box
2763,Betadine mouth wash,box
2764,OMEGA 3-6-9 120 TABLET ,box
2765,CLED Agar,box
2768,DA,box
2769,ATM,box
2771,CEC,box
2773,AZM,box
2776,FOX,box
2777,VA,box
2779,IPM,box
2781,OX,box
2783,TPZ,box
2785,PB,box
2787,OP,box
2790,kaltra 500 mg box 120 tab ,box
2791,mucophylline syrup,box
2792,baby joy 5 (7 diaper,box
2793,molfix 3 (9 pcs,box
2794,pampers 4 (8 pcs,box
2795,molfix 5 ( 7pcs,box
2796,mucosol 20 cap 10 tap,strip
2799,Trib Gold 3 strip,box
2800,BRINGO LOTION ,box
2801,MICONAZ CREAM FOR BODY,box
2802,lcikinase vial streptokinase ,box
2803,Minirin Melt 120 mcg,strip
2806,dolphin chamber,box
2807,totavit syrup,box
2808,allerban syrup 1 mg,box
2809,flixotide 50 mcg,box
2811,petro 20 tap,box
2812,Atacand plus 16\12.5m mg 14 tab,strip
2814,silverburn cream ,box
2815,novonorm 2 mg 30 tab,strip
2817,coversil 5 mg 15 tap,box
2818,Tegretol CR 400mg,strip
2821,optaminess 150 tap,box
2825,cidamex 250 mg,strip
2827, myafibrol tab 75 mg,strip
2831,pregatrend 50 mg 30 tab,box
2833,durogesic 25 patch,box
2835,zolam 0.25 tab,box
2837,olapex 5 mg ,box
2839,Avipiravir 200 mg 4 strips 40 tabs,strip
2842,Ginko Plus 2 strip,strip
2845,seloken zoc 50 mg 28 tap,box
2848,stalevo 100/25/200 mg,box
2849,megalase 30 tab,box
2850,BONE CARE 0.25mg 3 strips 30 tab,strip
2853,privigen 50 ml vial,box
2854,ecalta vial,box
2855,Pulmiprove 125 mg tab,strip
2858,Icikinase streptokinase vial,box
2859,ascorbacil 1000 mg tap,strip
2862,rotacysteine 600 mg ,box
2863,baby nadif 50 ml,box
2865,potassom 5 ml epico,box
2866,erastapex co 40 mg/10 mg tab30,strip
2868,arcoxia 60 mg one strip,strip
2869,buscopan  tab  one strip,box
2870,dogmatil fort 200 mg ,box
2871,cyclo-progynova 21 tab 1 strip,box
2872,BISADYL ADULT SUPP 2 strip 10 pes,strip
2874,mucosol 20 cap ,strip
2876,nebilet 5 mg 14 tab 1 strip,box
2877,rapidus 50 mg,box
2879,rivaxarelt 10 mg 10 tab (2 strip,box
2881,SPECTONE100 mg 2 strip ,box
2885,ANGIOFOX 50 MG 20 TAP,strip
2887,flotak 75 mg box 2 strip,strip
2889,glycerin Soap,box
2890,Proscar 5 mg 2 strips 28 tab,strip
2894,Adancor 20mg 3 tablets,strip
2896,Tritace Comp 5/25 mg,strip
2898,Prucasoft 2 mg,strip
2901,Tritace max 10/25 mg,strip
2903,Erastapex 40 mg 30 Tab,box
2905,Selokenzoc 100 mg 28 tab,strip
2908,Kineret 100 mg/.067 ml 1 box 7 syringes,box
2909,atrovent comp 250,box
2910,sagitrixan 2.5  mg 20 tap,box
2913,olapex 10mg,box
2916,Sulfax cream 120 gm,box
2917,Altiazem 60 mg 20 tablets,strip
2919,Epirovastin 20 mg,box
2921,Apixatrack 2.5 mg,strip
2924,coughsed  supp infants,box
2925,coughsed children supp,box
2927,Burinex 1 mg,box
2929,Lipitrin 40/10,strip
2930,Fawar C,box
2949,Combi 2,box
2951,QUIBRON-T /SR 300 mg20 tab,box
2952,Dexazone  0.5 mg  20 Tab,strip
2955,novonorm 0.5 mg,box
2957,Aripiprazole 10 mg,strip
2960,ROYAL VIT G20 CAP,strip
2963,Bio Gainers S10,box
2964,Amprostone 8mcg 20 tab,strip
2966,Tri-B 6 amp,box
2968,tryptizol 10 mg 100 tap,strip
2972,takipril 100ml 5ml,box
2974,Vinporal 5 mg 20 tab,strip
2976,Peptamen 430 gm,box
2979,theragran  30tap,strip
2984,sandimmun neoral 50 mg 50 cabs,box
2991,Calprotectin Right sign,box
2992,SS. Agar E.D.M,box
2995,ANVIZIRAM 200 MG,strip
2998,Sodium Bicarbonate 30 Cap,box
3000,Livagoal 450 mg,strip
3002,Vildagluse Plus 50/1000 mg,strip
3005,Mucotec 300 mg 20 cap,strip
3007,THIOTACID COMPOUND 600 mg 3 strip 30 tab,strip
3009,TARIVID 200 MG,strip
3011,GLYBOFEN  30 TAP,box
3014,ADRENHLEN  1MG  100 AMP,box
3016,Plendil 10 mg,box
3018,L - Carnitine,strip
3021,trajenta 5 mg 30 tap ,box
3023,Pancuronium HCL amp,box
3025,myocool cream100 gm,box
3026,trileptal 300 mg 50 tap,strip
3029,trileptal 600 mg 50 tap,strip
3033,ingey 10 mg /40mg 14 tap ,strip
3035,Quitapex 100 mg 30 tab,strip
3037,Exjade 500 mg,strip
3040,Losartan,strip
3047,dermatin carem,box
3048,nimbex 10 mg 5 amp,box
3053,بيرمولوت نور 10 مجم 30 قرص,box
3055,فافرين 50 مجم 60 قرص,strip
3058,Brilique 60 mg,strip
3059,Olumiant 4 mg,strip
3063,co approval 300/12.5 mgone strip 14 tab,box
3064,CO-TAREG 160/12.5 mg 2 strips 7 tab,box
3067,Prepawest 4 Sachets,box
3068,Thalidomide 100 mg,strip
3071,BETADINE Shampoo 120 ml,box
3072,Foster Nasel Spray,box
3073,Epifenac drops 0.1% 1 mg,box
3075,Plaquenil 200 mg,box
3077,baclofen 10 mg 20 tab,box
3080,EPINOSINE-B FORT 3 AMP,box
3085,iverzine 6 mg 24 tab,box
3087,Panadol cold and flu - Day,strip
3089,Atoreza 40/10 mg 28 tab,strip
3091,Avamys Spray,box
3094,albendazole 400 mg,strip
3096,sulfax CMO cream 60 gm,box
3105,Systane eye drop 10 ml,box
3112,ketosteril 5 tabs,box
3114,jardiance 3 tabs,strip
3116,medi drink onco 200 ml,box
3117,perdofinex tab,box
3119,visceralgine 6 amp,box
3129,Artilak eye drops,box
3130,betden spry  55 mg,box
3131,Vfend 200 mg,strip
3132,Alja misr sach,box
3134,norflex 3 amp,box
3140,ERALONER 25 mg 2 strips 20 tab,box
3142,WIDAL,box
3144,Mimpara 60 mg,strip
3146,Parkicapone 20 mg,strip
3149,Blood Agar Base Powder,box
3150,Maconkey Agar Power,box
3151,Salamonella Shigella Agar Base Powder,box
3152,Muller Hinton Agar,box
3153,LIA Agar,box
3154,Urease Agar,box
3155,Urea Supplement 40%,box
3162,Orchadexoline eye drop,box
3163,T.S.I.A,box
3164,Simmons Citrate Agar,box
3168,Amocerebral plus,box
3172,Fentanilo patch 50 mg,box
3176,Triple omega,box
3177,Cinacalcet 30 mg,strip
3180,Sodium chloride,box
3181,budelizer 400 mg cap inhalar,box
3184,Vinopral 5 mg,box
3186,Constipride,strip
3188,APIXATRACK 5MG 30 TAP,box
3191,metrohaler,box
3192,memoral 5 amp,box
3195,Lipitrin 10/20,box
3197,doliprane1000 mg 8 tap,box
3201,paroxetine 25 MG 3 STRIP 30TAB,strip
3203,Zovirax 5 % topical cream,box
3205,HCG Abon,box
3206,H. Pylori Ag Abon,box
3212,recoxibright 90 mg 30 tap,strip
3214,recoxibright 60 mg 20 tab,strip
3217,RIQAS Haematology,box
3224,REHYDRO ZINC 10كيس,box
3225,Blokium diu tab,strip
3227,Levohistam tab,box
3232,مناديل وايت 200منديل,box
3233,Anticox 15 mg 30tab,strip
3237,haemojet  36 cap,box
3240,NEO-MUNE 400 GM,box
3241,Alzental,box
3245,ALTIAZEM 60MG 40 TAB,strip
3248,Diglifloz 10 mg,strip
3251,milga advance,box
3253,immuno-mash,strip
3255,Crestor 5 mg 1 tab 7 stribs,box
3258,Recormon 5000 I.U. 6 sy,box
3260,marcaine spinal 5 amp,box
3263,Pirovit Sachets,box
3264,Kiromix Sachets,box
3266,More-vit tablets,box
3268,sandimmun neoral 25 mg 50 cabs,strip
3272,Mellitofix met 12.5/1000,box
3274,x-tension 150mg 28 tap,strip
3277,SKINCOL 25 GEL 30 MG,box
3279,Recormon 2000,box
3282,ossofortin 10000 units tab  30 tab 3 strip,box
3286,FAKTU SUPPOSITORIES 8,box
3290,Mepafuran,strip
3292,Itracon 100 mg,strip
3296,ATRACURIUM 25 MG,box
3298,hiv abon,box
3302,CARTRIDGES,box
3303,DICLAC 150 mg 2 strip 20 tab,box
3306,methotrexate2.5 mg100 tap,box
3311,Vaseline Pure 50 ml,box
3312,Parkintreat 1 mg 10 tablets,strip
3314,fluimucil amp,box
3316,moxiflox 400 mg 10 tab,box
3318,Carfalone 25 mg 20 tab,strip
3320,Cetal 120 mg Suppositories,box
3321,AMINOLEBAN ORAL ,box
3325,Agiolax  12sachets,box
3326,Endlixaban 5 mg,box
3334,GRANITRYL 2 MG Tabs,strip
3338,Vaseline Pure 110 ml,box
3339,AMIKACIN 500 MG 1 AMP,box
3340,D-TROL 30 CAP,box
3342,Metopronad amp,box
3343,MYOCOOL CREAM 50 G,box
3344,Hepato-Forte Tabs,box
3346,TSH ICHROMA,box
3347,HBA1C ICHROMA,box
3348,PCT ICHROMA,box
3349,Icosalip 1 gm,box
3350,methyl thecno 1000mg,box
3351,L - Carnitine Plus 20 tab,strip
3353,ASMAKAST 10 MG 30 TAB,strip
3355,Fito Cream 32 gm,box
3356,TIRATAM 500 mg 3 strip 30 tab,strip
3358,Relaxon tab 3 strip,box
3360,arcalion 200mg 2 strips,strip
3364,Calcitonium 100 i.u. 5 amp,box
3367,Anallerge 4 mg tab,strip
3369,Bbs Sachets 300,box
3370,benox 10 ml,box
3371,cidophage 850 mg 30 tab,box
3374,RF LATEX,box
3375,Fito gauzes advance,box
3378,Amotril 2 mg,strip
3381,DENTRELAX COMPOUND 30 CAP,box
3384,Faverin 50 mg tab,strip
3386, BUDEXAN 1 MG 2,box
3390,Sorbisterit 500 mg powder,box
3391,Macro Panthenol Cream,box
3392,CEA ICHROMA,box
3395,Pystinon 10 mg tabs,box
3398,Methergin 0.125 mg 30 tabs ,strip
3401,QUITAPEX 200MG 30 TAP,strip
3404,Endlixaban 2.5 mg,strip
3406,Jardiance 10mg,strip
3412,Hydralazine 10 amp,box
3413,Tenormin 100 mg,strip
3415,Trospamexin 20 mg 20 tab,strip
3417,Purgaton 20 mg 30 tab,box
3419,pathfast troponine,box
3420,pathfast ck-mB,box
3423,Xigduo tabs,strip
3427,lubicont 8 mg 10 tab,box
3428,misotac 200 mg 20 tap,strip
3431,Revoled 50 mg tab,box
3433,CPK 6*32ml +6*8ml,box
3434,Bilirubin D,box
3435,DIFF-3,box
3438,Molnupravir 200 mg tab,box
3439,X-tesnion Plus 300/12.5 28 tab,box
3443,danset 8 mg 3 amp,box
3444,flatidyl 40 mg30 tab,strip
3449,Stellasil 5 mg tab,box
3451,Frost Spray,box
3452,Tussistop Syrup,box
3453,Concor amlo 5/5 3 strips 30 tab,box
3455,TNI ICHROMA,box
3456,VIT D ICHROMA,box
3457,CK-MB ICHROMA,box
3458,AFP ICHROMA,box
3459,PSA ICHROMA,box
3460,D-DIMER ICHROMA,box
3462,unitrexata 50 mg 5 vial,box
3465,celebrex 200 mg 10 tab,strip
3468,Exeedolip 1000 mg tabs,strip
3470,Diomacte Sachets,box
3471,Diacurimap 10 mg 30 tabs,box
3473,zurcal 40 mg 28 tap,box
3477,norepinephrine 4 ml 5 vial,box
3478,Forbudes inhaler,box
3480,Coveram 5/5 MG 15 tabs,box
3481,Daktacort Cream,box
3482,Kerella lotion 30 ml,box
3485,Nasacort Spray,box
3486,Xilone forte,box
3487,Pladogra tabs 3 strip,box
3489,Erastapex plus 40/12.5,strip
3491,Erastapex plus 20/12.5,strip
3493,Torseretic 20 mg,strip
3497,vomifraton 8 mg 5 amp,box
3498,EPIZITHRO 500 MG 3CAP,box
3499,EM-EX 1MG 3AMP,box
3505,Mictonorm 15 mg 4 strip,strip
3509,Tempo Cool Patch,box
3511,Spasmomen,box
3514,allergex 20 mg 20 tab,strip
3516,Zymalge gel 50 gm,box
3517,Polymart gel 50 gm,box
3518,kady derm 60 mg,box
3525,Nasoflutin nasal spray,box
3526,Klacid 250 mg 1 strip,strip
3528,Mirtimash 30 mg 3 strip,strip
3530,Limitless allzyme max 2 strip,strip
3533,ALZENTAL 200 MG 2 TAB,box
3535,VIDAS FT3 ,box
3536,VIDAS FT4 ,box
3537,VIDAS PTH ,box
3538,VIDAS ANTI HCV ,box
3539,Torseretic 100 mg,strip
3541,VIDAS HBS AG,box
3542,VIDAS HIV,box
3543,VIDAS CK-MB,box
3544,VIDAS TROPONIN I,box
3545,VIDAS  PSA F,box
3546,VIDAS  PSA T,box
3547,VIDAS  TSH,box
3548,VIDAS 25H VITAMIN D  ,box
3550,Entresto 100 mg ,box
3552,Quantamash sachets,box
3554,Ultibro breezhaler,box
3556,DOWNOPRAZOL SACHETS 30,box
3557,Hidrasec 100 mg tabs,strip
3558,Mirtifutal 30 mg tab,strip
3560,Oxaleptal 300 mg tab,box
3565,atoreza 10/10mg 28 tap,box
3569,pandermal 15 gm cream,box
3570,Lipona 20 mg tab,strip
3572,Celoxib 200 mg tab,box
3574,Protoloc 20 mg tab,box
3576,polyderm cream,box
3577,EPICOPRED 20 MG 20 TAP,box
3579,تكتارين كريم,box
3581,Amikacin Spray,box
3587,Gaptin 100 mg box 3 str,strip
3590,Gentazone Cream,box
3591,Doxiproct Oint,box
3593,aspirin protect 100 mg 30 tab 3 strip,strip
3595, OCCULT BLOOD (FOB),box
3597,EPICOPRED 5 MG30 TAP,strip
3600,Colosalzine tabs 2 strib,strip
3602,Sanso b complex,box
3603,tryptizol 25mg 30 tap,strip
3607,فازلين اوبال 30 مل,box
3608,Vaseline Pure20 ml,box
3609,recoxibright 120 mg 7  tap,box
3612,BONE one 0.25mg 3 strips 30 tab ,box
3616,Trivatdal retard 50 mg 30 tabs,box
3618,Prostanorm 30 tabs,strip
3620,Prontogest 400 mg vag. Supp.,strip
3622,Prontogest 100mg/2ml ampouls,box
3625,HALOPERIDOL retard AMP 50 MG,box
3626,Hyalo control cream 100 mg,box
3627,Quick Clean Gel,box
3629,decapreno 2amp,box
3631,diprivan 5 amp,box
3636,Hiderm Sunblock 50 ml,box
3637,كونتر اكتيوبكس 20 جرام,box
3638,nevilob 2.5 mg 2 strip 14 tab,strip
3643,Preparation H,box
3644,Avara 20mg tabs,box
3645,Neostigmine amp,box
3647,Psychodal 1 mg,strip
3654,combi 3,box
3659,becozyme 12 amp,box
3660,Ephdrien amp,box
3664,Piascledine 300,strip
3665,Hcv Right sign,box
3666,HBS AG Right sign,box
3669,streptoquin 20 tap,strip
3672,vonaspire 10 mg tap,strip
3676,closeup 100 ml,box
3677,Enerzair Inhaler,box
3679,amloveran plus 30 tap,box
3682,closeup 50 ml,box
3683,Ulcezole 60 mg,strip
3685,vapozol inhaler,box
3686,solvadol adult,box
3688,omez 40 mg  box 2 strip 20 tab ,strip
3691,Symbicort Spray 80 mg,box
3695,rexona 50 ml,box
3696,Wesabreath tabs,strip
3699,Flexpro Extra  tab,box
3701,Polymer adult 3% spray,box
3702,Urimagictam 15 mg 30 tab,box
3704,Triactin tab,box
3708,rivarospire15 mg 42 tap,strip
3711,Lidocaine spray 15 ml,box
3718,gastrobiotic 200mg 30 tab,strip
3722,Actilys 50 mg 2 vial,box
3723,Bronchopro syrup 100 ml,box
3724,Trittico 50 mg 10 tabs,strip
3725,MOSAPRIDE 5 MG1 STRIPS10 TAB,strip
3728,epinephrine 100 amp,box
3730,Rivarospire 2.5 mg 10 tabs,strip
3733,Itrafungex 100 mg,strip
3735,Linex sachets,box
3736,Westabreath 500 mg 20 tab,box
3738,Terbecomasil Spray,box
3740,Azelast Plus,box
3741,Remeron 30 mg tabs,strip
3742,RIVAROSPIRE 20 MG 28 TAP,box
3745,Fortibone,box
3747,Calcitron Capsule,strip
3749,Fortymox 0.5% 10 ml drop,box
3750,Efexor 150 mg tab,box
3752,ferritin ichroma,box
3754,maxi care 75 ml,box
3755,ATACAND 16MG 1 strip 14TAB,strip
3757,سيلوكينزوك25 مجم 28 قرص,box
3760,Hydrea 500 mg New,strip
3762,NATRILIX SR  1.5 mg 2 strips 30 tab New,box
3766,urea 6*23.5ml,box
3767,creat 6*20ml,box
3773,Erstapex trio 5/20/12.5,strip
3775,  20 BRONCHICUM,box
3778,Pystinon 60 mg tabs,box
3781,Avara 10mg tabs,box
3782,HBA1C Spectrum,box
3783,Twinzol eye drops,box
3784,Nevanac eye drops,box
3785,Orchapred eye drops,box
3786,Cholerose 5 mg tab,strip
3787,BG8-ABG,box
3788,Omegapress 0.1 mg,box
3790,Ultradol 150 mg tab,box
3794,Atropine eye drops,box
3795,Trinutrix  tab,box
3798,cholesterol 6/60ml,box
3799,ferritin latex 6*8ml+6*4ml,box
3801,microalbumin,box
3802,FERRITIN CALIBRATOR 5*1ML,box
3803,اوركاديكسولين 5 مل قطره,box
3804,MAREVAN 3 mg 1 box 102 tab,box
3807,decancit sr 20 tap,box
3812,epifasi 5000 amp,box
3813,Ectomethrin lotion 50 ml,box
3815,tryptizol 10mg 20 tap,box
3816,Farmactive Spray,box
3817,ZURCAL14 TAP 40MG,box
3820,limitless woman max 30 tab,box
3821,Forxiga 5 mg,box
3823,Sunnydetox amp,box
3825,كاندلكان بلس 16/12.5 مجم 14 قرص,box
3828,marevan 1 mg 102 tab,strip
3832,panadol joint24  tab,box
3834,ضمادة هيدروكولويد 22*22,box
3836,ضمادة هيدروكولويد 20*20,box
3839,ضمادة فائقة الامتصاص 10*10,box
3840,ضمادة فوم عالية الاحتفاظ بالافرازات لاصقة 15*15,box
3844,Duodart 0.5mg cap,box
3845,X-tension plus 300,box
3848,MAREVAN 5 mg 1 box 102 tab,strip
3850,Omnicef 300 mg tab,box
3853,normaten 50/2.5 30 tab,box
3855,Lamictal 50 mg,box
3857,DUROGESIC 75 MG,box
3859,IBUPROFEN 8ML 10 VIAL,box
3862,Castor Oil 60 ml,box
3864, Srilane cream 60 g,box
3865,ASMATROPIM 500 MG,box
3867,Ranexa 375 mg,strip
3872,phara fero 18plus 20cap,strip
3875,nizapex topical shampoo,box
3877,farmactive hydro 5*7.5,box
3878,ozempic amp 1,box
3879,pharmactiveg gel,box
3882,pharmactive10*10,box
3883,pharmactive15*15,box
3885,ATCOGLIFLOZIN 10 MG 20 TAB,box
3889,Melacryst 20 film1.5 mg,box
3890,thiotacid original  600mg 30tap ,strip
3895,PRUCASOFT 1 MG 14 TAB,box
3897,cholerose plus 20/10 28 tap,box
3900,gimsa stain,box
3901,Patanol eye drops,box
3902,Normo tears eye drops,box
3903,Octatron 30 caps,box
3905,Shavecode gel,box
3906,LIPASE,box
3907,Vigamox eye drops,box
3908,similac GOLD2 400GM,box
3909,Estikan 20 mg tabs,box
3911,Diacurimap 25 mg 30 tabs,strip
3916,feburic 40 mg tab,box
3918,EPICOCILLIN 500MG ,box
3921,Betaderm 15 mg cream,box
3922,Enemacort 4 tab + 4 Solution,strip
3924,vonaspire 20 mg tap,box
3928,calciOUM GLOCNATE 5 amp,box
3930,cal-mag-joint 30 cap,strip
3935,night calm 3 mg 30 tap,strip
3937,NEVILOB 5MG 21 TAB,box
3941,vomibreak 10 /10mg 30 tab,box
3944,Hypnor tabs,strip
3946,Amotril 0.5 mg,strip
3950,Prostride 5 mg 30 caps,box
3953,cholerose plus 40/10 mg 28 tap,strip
3956,Lokelma 10 mg sachets,box
3958,Sansovit plus 100 ml,box
3959,Starkoprex 5 mg 30 tabs,strip
3962,THROMBO 75 30 TAB,box
3965,Epirovastin 10 mg  ,box
3967,sunnyMETRINE 5 AMP,box
3968,Duricef 1 mg tabs,strip
3969,Tenaviron 300 mg,box
3971,Lactate,box
3972,feritin,box
3974,liposom-d3 30 cap,strip
3977,endlixaban 5 mg 30 tab,strip
3980,voltaren 25 mg 5 suppos,box
3981,Ossopan 800,strip
3983,Duricef 1 mg 8 tab,strip
3986,FILTER PAPER,box
3987,copad 10000 30cap,strip
3991,Clearest tab,box
3993,colixin powder 1000000 iu,box
3996,aspocid 75 mg 2 strips 30 tablets,box
3999,Bacitracin,box
4000,endlixaban2.5 mg 30 tab,box
4004,THIOTACID COMPOUND 300 mg 3 strip 30 tab,box
4006,methyl FOLATE30 TAB    ,box
4009,HYDROSAFE 30SACHETS,box
4011,Lopranest 2 mg oro film,box
4012,Anoro ellipta 62.5/25 30 cap,box
4014,power cold & flu 20 tab,box
4016, Mosapride 2.5 mg tab,strip
4017,Albothyl 90mg vag supp,strip
4019,CIPROFLOXACIN 500 mg 1 strip 10 tab,box
4020,vacotener ,box
4022,Xigudo5/1000 tabs,strip
4024,Melitofix 10 mg tabs,strip
4027,chromax60 cap,box
4030,azathioprine 50 mg  30 tab,box
4033,azathioprine 100 mg 30 tab,strip
4036,SULFAX CREAM 60 GM,box
4038,PANADOL ADVANCE 500 mg 4  strip40 tab,strip
4040,danset 4 mg amp,box
4042,etasyl sunny,box
4045,rocuronium vial,box
4048,EMEX 1 MG AMP,box
4054,Bronchopyonair plus 30 cap,strip
4058,conventin 600 m,strip
4062,GAPI MASH 300 MG 30 CAPS,box
4067,CRESTOR 10 MG 28 TAB,box
4070,MARYL M 2 MG/500MG 30 TAB,box
4073,PEPON 30 CAPS,capsule
4077,OMNIC OCAS 0.4 30 TAB,box
4084,NORVASC 5 MG 10 TAB,box
4088,ketorolac sunny,box
4106,vagiprost 25mcg,strip
4108,prontogest suppositore 200mg,strip
4110,NAN 1 400 GM ,box
4113,STIMULAN 800MG,strip
4114,Clindamycin 600amp,box
4116,oxycinon 10 i.u,box
4123,hero baby milk,box
4124,hero baby plus milk,box
4125,Bebelac milk,box
4128,nasal aspirator,box
4129,round pacifier,box
4130,Bubbles peppron,box
4131,la frutta peppron,box
4132,avent peppron,box
4133,manual breast pump,box
4134,la frutta breast reliever,box
4138,Burnasores topical ointment,box
4139,lustral 50mg tab,strip
4140,declophen 75amp,box
4142,actrapid penfill ,box
4151,Celeborg 200 mg20 cap,strip
4154,Nan opti pro,box
4161,Tenormin 50mg,strip
4164,Nitrong tts 10mg,box
4167,histazine-1,strip
4170,PHILOZAC 20 MG CAPSULE,strip
4172,T4-THYRO 100MCG,box
4175,crestor 5mg 28tabs,strip
4176,VESICARE 5MG 30TAB,strip
4177,THYROXINE 50 MCG 100 TAB,box
4178,LIPITOR 40 MG 7 TAB,strip
4181,T4-THYRO 50MCG,box
4182,lipitor 20mg 7tabs,box
4185,ciprofar 500mg 10tabs,box
4190,CONAZOGLOB 200 MG 10 TAB,strip
4192,NEXIUM 10 MG 28 SACHETS,box
4195,A-VITON CAP,box
4196,PULMICORT 0.25 MG,box
4200,enterogermina ,box
4206,SIMILAC NEOSURE GOLD 370GM,box
4208,GLYCERIN ADULT 5 SUPP (PHARCO),box
